{
    "evaluation.SavedRuns": {
        "total_runs": 5906,
        "used_runs": 3608,
        "saved_runs": 2298,
        "saved_runs_ratio": 0.3890958347443278
    },
    "evaluation.ConfusionMatrix": {
        "total_positives": 6,
        "total_negatives": 185,
        "tp": 4,
        "tn": 185,
        "fp": 0,
        "fn": 2,
        "accuracy": 0.9895287958115183,
        "w_accuracy": 0.8333333333333333
    },
    "evaluation.ErrorRatio": {
        "error_ratio": 0.006230529595015576,
        "total_missed_improvements_count": 1,
        "missed_improvements_median_ratio": -0.007049064339247867,
        "total_missed_degrades_count": 1,
        "missed_degrades_median_ratio": 0.018750886049828955,
        "total_missed_perf_count": 2,
        "missed_degrades_perf_ratio": 0.018750886049828955
    }
}