{
    "evaluation.SavedRuns": {
        "total_runs": 269767,
        "used_runs": 170881,
        "saved_runs": 98886,
        "saved_runs_ratio": 0.36656077281505894
    },
    "evaluation.ConfusionMatrix": {
        "total_positives": 186,
        "total_negatives": 5538,
        "tp": 168,
        "tn": 5538,
        "fp": 0,
        "fn": 18,
        "accuracy": 0.9968553459119497,
        "w_accuracy": 0.9516129032258066
    },
    "evaluation.ErrorRatio": {
        "error_ratio": 0.0014625940091617586,
        "total_missed_improvements_count": 8,
        "missed_improvements_median_ratio": -0.001007515252268787,
        "total_missed_degrades_count": 10,
        "missed_degrades_median_ratio": 0.0011257037432731906,
        "total_missed_perf_count": 18,
        "missed_degrades_perf_ratio": 0.0015601454505575181
    }
}