{
    "evaluation.SavedRuns": {
        "total_runs": 186002,
        "used_runs": 152456,
        "saved_runs": 33546,
        "saved_runs_ratio": 0.1803528994311889
    },
    "evaluation.ConfusionMatrix": {
        "total_positives": 169,
        "total_negatives": 2894,
        "tp": 154,
        "tn": 2894,
        "fp": 0,
        "fn": 15,
        "accuracy": 0.9951028403525954,
        "w_accuracy": 0.955621301775148
    },
    "evaluation.ErrorRatio": {
        "error_ratio": 0.0021008136621103956,
        "total_missed_improvements_count": 8,
        "missed_improvements_median_ratio": -0.001001020039425933,
        "total_missed_degrades_count": 7,
        "missed_degrades_median_ratio": 0.0010449895428214875,
        "total_missed_perf_count": 15,
        "missed_degrades_perf_ratio": 0.001919970214101691
    }
}