{
    "evaluation.SavedRuns": {
        "total_runs": 132992,
        "used_runs": 112665,
        "saved_runs": 20327,
        "saved_runs_ratio": 0.15284378007699712
    },
    "evaluation.ConfusionMatrix": {
        "total_positives": 108,
        "total_negatives": 2123,
        "tp": 105,
        "tn": 2123,
        "fp": 0,
        "fn": 3,
        "accuracy": 0.9986553115194979,
        "w_accuracy": 0.986111111111111
    },
    "evaluation.ErrorRatio": {
        "error_ratio": 0.00048009084153662464,
        "total_missed_improvements_count": 1,
        "missed_improvements_median_ratio": -0.00015465356185850808,
        "total_missed_degrades_count": 2,
        "missed_degrades_median_ratio": 0.00040144806434289976,
        "total_missed_perf_count": 3,
        "missed_degrades_perf_ratio": 0.00041324481659847043
    }
}