{
    "evaluation.SavedRuns": {
        "total_runs": 501917,
        "used_runs": 268584,
        "saved_runs": 233333,
        "saved_runs_ratio": 0.46488363613904293
    },
    "evaluation.ConfusionMatrix": {
        "total_positives": 307,
        "total_negatives": 10310,
        "tp": 223,
        "tn": 10310,
        "fp": 0,
        "fn": 84,
        "accuracy": 0.9920881604973156,
        "w_accuracy": 0.8631921824104235
    },
    "evaluation.ErrorRatio": {
        "error_ratio": 0.005147702400081409,
        "total_missed_improvements_count": 41,
        "missed_improvements_median_ratio": -0.0032082230146436713,
        "total_missed_degrades_count": 43,
        "missed_degrades_median_ratio": 0.0028744347078230644,
        "total_missed_perf_count": 84,
        "missed_degrades_perf_ratio": 0.004233740649122161
    }
}