{
    "evaluation.SavedRuns": {
        "total_runs": 330846,
        "used_runs": 183394,
        "saved_runs": 147452,
        "saved_runs_ratio": 0.4456816766713214
    },
    "evaluation.ConfusionMatrix": {
        "total_positives": 139,
        "total_negatives": 7517,
        "tp": 120,
        "tn": 7517,
        "fp": 0,
        "fn": 19,
        "accuracy": 0.9975182863113897,
        "w_accuracy": 0.9316546762589929
    },
    "evaluation.ErrorRatio": {
        "error_ratio": 0.0016398499948982238,
        "total_missed_improvements_count": 11,
        "missed_improvements_median_ratio": -0.0007681285731194617,
        "total_missed_degrades_count": 8,
        "missed_degrades_median_ratio": 0.001689026683331353,
        "total_missed_perf_count": 19,
        "missed_degrades_perf_ratio": 0.0023136491621908693
    }
}