{
    "evaluation.SavedRuns": {
        "total_runs": 6757,
        "used_runs": 2065,
        "saved_runs": 4692,
        "saved_runs_ratio": 0.6943910019239308
    },
    "evaluation.ConfusionMatrix": {
        "total_positives": 5,
        "total_negatives": 175,
        "tp": 2,
        "tn": 175,
        "fp": 0,
        "fn": 3,
        "accuracy": 0.9833333333333333,
        "w_accuracy": 0.7
    },
    "evaluation.ErrorRatio": {
        "error": 0.016666666666666666,
        "missed_improvements_count": 2,
        "missed_improvements_middle": -0.010431734289630934,
        "missed_improvements_mean": -0.011505084300832849,
        "missed_degrades_count": 1,
        "missed_degrades_middle": 0.011584496284967093,
        "missed_degrades_mean": 0.011584496284967093,
        "missed_perf_count": 3,
        "missed_perf_middle": 0.011584496284967093,
        "missed_perf_mean": 0.01153155496221093
    }
}