{
    "evaluation.SavedRuns": {
        "total_runs": 5524,
        "used_runs": 1680,
        "saved_runs": 3844,
        "saved_runs_ratio": 0.6958725561187545
    },
    "evaluation.ConfusionMatrix": {
        "total_positives": 11,
        "total_negatives": 107,
        "tp": 6,
        "tn": 107,
        "fp": 0,
        "fn": 5,
        "accuracy": 0.9576271186440678,
        "w_accuracy": 0.7727272727272726
    },
    "evaluation.ErrorRatio": {
        "error": 0.0423728813559322,
        "missed_improvements_count": 2,
        "missed_improvements_middle": -0.011063335663546113,
        "missed_improvements_mean": -0.013551173865227778,
        "missed_degrades_count": 3,
        "missed_degrades_middle": 0.010228709545144075,
        "missed_degrades_mean": 0.010543077056846858,
        "missed_perf_count": 5,
        "missed_perf_middle": 0.011063335663546113,
        "missed_perf_mean": 0.011746315780199227
    }
}