{
    "evaluation.SavedRuns": {
        "total_runs": 7255,
        "used_runs": 1943,
        "saved_runs": 5312,
        "saved_runs_ratio": 0.732184700206754
    },
    "evaluation.ConfusionMatrix": {
        "total_positives": 9,
        "total_negatives": 130,
        "tp": 5,
        "tn": 130,
        "fp": 0,
        "fn": 4,
        "accuracy": 0.9712230215827338,
        "w_accuracy": 0.7777777777777778
    },
    "evaluation.ErrorRatio": {
        "error": 0.02877697841726619,
        "missed_improvements_count": 2,
        "missed_improvements_middle": -0.024453682806966102,
        "missed_improvements_mean": -0.03286640732554502,
        "missed_degrades_count": 2,
        "missed_degrades_middle": 0.028674815481334597,
        "missed_degrades_mean": 0.022747851951101614,
        "missed_perf_count": 4,
        "missed_perf_middle": 0.028674815481334597,
        "missed_perf_mean": 0.027807129638323318
    }
}