{
    "evaluation.SavedRuns": {
        "total_runs": 4911,
        "used_runs": 3449,
        "saved_runs": 1462,
        "saved_runs_ratio": 0.29769904296477295
    },
    "evaluation.ConfusionMatrix": {
        "total_positives": 3,
        "total_negatives": 101,
        "tp": 1,
        "tn": 101,
        "fp": 0,
        "fn": 2,
        "accuracy": 0.9807692307692307,
        "w_accuracy": 0.6666666666666666
    },
    "evaluation.ErrorRatio": {
        "error": 0.019230769230769232,
        "missed_improvements_count": 1,
        "missed_improvements_middle": -0.010549010761316872,
        "missed_improvements_mean": -0.010549010761316872,
        "missed_degrades_count": 1,
        "missed_degrades_middle": 0.011216620847909416,
        "missed_degrades_mean": 0.011216620847909416,
        "missed_perf_count": 2,
        "missed_perf_middle": 0.011216620847909416,
        "missed_perf_mean": 0.010882815804613144
    }
}