{
    "evaluation.SavedRuns": {
        "total_runs": 5777,
        "used_runs": 1702,
        "saved_runs": 4075,
        "saved_runs_ratio": 0.7053834169984421
    },
    "evaluation.ConfusionMatrix": {
        "total_positives": 3,
        "total_negatives": 120,
        "tp": 2,
        "tn": 120,
        "fp": 0,
        "fn": 1,
        "accuracy": 0.991869918699187,
        "w_accuracy": 0.8333333333333334
    },
    "evaluation.ErrorRatio": {
        "error": 0.008130081300813009,
        "missed_improvements_count": 0,
        "missed_improvements_middle": null,
        "missed_improvements_mean": null,
        "missed_degrades_count": 1,
        "missed_degrades_middle": 0.01707685145778247,
        "missed_degrades_mean": 0.01707685145778247,
        "missed_perf_count": 1,
        "missed_perf_middle": 0.01707685145778247,
        "missed_perf_mean": 0.01707685145778247
    }
}