{
    "evaluation.SavedRuns": {
        "total_runs": 5891,
        "used_runs": 1838,
        "saved_runs": 4053,
        "saved_runs_ratio": 0.6879986419962655
    },
    "evaluation.ConfusionMatrix": {
        "total_positives": 5,
        "total_negatives": 121,
        "tp": 3,
        "tn": 121,
        "fp": 0,
        "fn": 2,
        "accuracy": 0.9841269841269841,
        "w_accuracy": 0.8
    },
    "evaluation.ErrorRatio": {
        "error": 0.015873015873015872,
        "missed_improvements_count": 1,
        "missed_improvements_middle": -0.017689220874674942,
        "missed_improvements_mean": -0.017689220874674942,
        "missed_degrades_count": 1,
        "missed_degrades_middle": 0.023019121461926684,
        "missed_degrades_mean": 0.023019121461926684,
        "missed_perf_count": 2,
        "missed_perf_middle": 0.023019121461926684,
        "missed_perf_mean": 0.020354171168300815
    }
}