{
    "evaluation.SavedRuns": {
        "total_runs": 11024,
        "used_runs": 3738,
        "saved_runs": 7286,
        "saved_runs_ratio": 0.660921625544267
    },
    "evaluation.ConfusionMatrix": {
        "total_positives": 20,
        "total_negatives": 135,
        "tp": 12,
        "tn": 135,
        "fp": 0,
        "fn": 8,
        "accuracy": 0.9483870967741935,
        "w_accuracy": 0.8
    },
    "evaluation.ErrorRatio": {
        "error": 0.05161290322580645,
        "missed_improvements_count": 5,
        "missed_improvements_middle": -0.012039486192876855,
        "missed_improvements_mean": -0.011819036692659284,
        "missed_degrades_count": 3,
        "missed_degrades_middle": 0.012736255981706019,
        "missed_degrades_mean": 0.01424252624005449,
        "missed_perf_count": 8,
        "missed_perf_middle": 0.012577724162487557,
        "missed_perf_mean": 0.012727845272932487
    }
}