{
    "evaluation.SavedRuns": {
        "total_runs": 6996,
        "used_runs": 5243,
        "saved_runs": 1753,
        "saved_runs_ratio": 0.25057175528873643
    },
    "evaluation.ConfusionMatrix": {
        "total_positives": 7,
        "total_negatives": 138,
        "tp": 5,
        "tn": 138,
        "fp": 0,
        "fn": 2,
        "accuracy": 0.9862068965517241,
        "w_accuracy": 0.8571428571428572
    },
    "evaluation.ErrorRatio": {
        "error": 0.013793103448275862,
        "missed_improvements_count": 1,
        "missed_improvements_middle": -0.03662931824629643,
        "missed_improvements_mean": -0.03662931824629643,
        "missed_degrades_count": 1,
        "missed_degrades_middle": 0.013277753102403395,
        "missed_degrades_mean": 0.013277753102403395,
        "missed_perf_count": 2,
        "missed_perf_middle": 0.03662931824629643,
        "missed_perf_mean": 0.02495353567434991
    }
}