{
    "evaluation.SavedRuns": {
        "total_runs": 7621,
        "used_runs": 2211,
        "saved_runs": 5410,
        "saved_runs_ratio": 0.7098805930980187
    },
    "evaluation.ConfusionMatrix": {
        "total_positives": 8,
        "total_negatives": 174,
        "tp": 1,
        "tn": 174,
        "fp": 0,
        "fn": 7,
        "accuracy": 0.9615384615384616,
        "w_accuracy": 0.5625
    },
    "evaluation.ErrorRatio": {
        "error": 0.038461538461538464,
        "missed_improvements_count": 3,
        "missed_improvements_middle": -0.01852146777252629,
        "missed_improvements_mean": -0.020845781425682965,
        "missed_degrades_count": 4,
        "missed_degrades_middle": 0.016974023178180836,
        "missed_degrades_mean": 0.017100019508423953,
        "missed_perf_count": 7,
        "missed_perf_middle": 0.016974023178180836,
        "missed_perf_mean": 0.018705346044392102
    }
}