{
    "evaluation.SavedRuns": {
        "total_runs": 11149,
        "used_runs": 4999,
        "saved_runs": 6150,
        "saved_runs_ratio": 0.551618979280653
    },
    "evaluation.ConfusionMatrix": {
        "total_positives": 19,
        "total_negatives": 123,
        "tp": 11,
        "tn": 123,
        "fp": 0,
        "fn": 8,
        "accuracy": 0.9436619718309859,
        "w_accuracy": 0.7894736842105263
    },
    "evaluation.ErrorRatio": {
        "error": 0.056338028169014086,
        "missed_improvements_count": 2,
        "missed_improvements_middle": -0.010791838204856538,
        "missed_improvements_mean": -0.011853735083928032,
        "missed_degrades_count": 6,
        "missed_degrades_middle": 0.0125856352943714,
        "missed_degrades_mean": 0.01302503895869798,
        "missed_perf_count": 8,
        "missed_perf_middle": 0.0125856352943714,
        "missed_perf_mean": 0.012732212990005492
    }
}