{
    "evaluation.SavedRuns": {
        "total_runs": 3267,
        "used_runs": 2343,
        "saved_runs": 924,
        "saved_runs_ratio": 0.2828282828282828
    },
    "evaluation.ConfusionMatrix": {
        "total_positives": 6,
        "total_negatives": 84,
        "tp": 5,
        "tn": 84,
        "fp": 0,
        "fn": 1,
        "accuracy": 0.9888888888888889,
        "w_accuracy": 0.9166666666666666
    },
    "evaluation.ErrorRatio": {
        "error": 0.011111111111111112,
        "missed_improvements_count": 0,
        "missed_improvements_middle": null,
        "missed_improvements_mean": null,
        "missed_degrades_count": 1,
        "missed_degrades_middle": 0.010324453985761208,
        "missed_degrades_mean": 0.010324453985761208,
        "missed_perf_count": 1,
        "missed_perf_middle": 0.010324453985761208,
        "missed_perf_mean": 0.010324453985761208
    }
}