{
    "evaluation.SavedRuns": {
        "total_runs": 8460,
        "used_runs": 2342,
        "saved_runs": 6118,
        "saved_runs_ratio": 0.7231678486997636
    },
    "evaluation.ConfusionMatrix": {
        "total_positives": 6,
        "total_negatives": 185,
        "tp": 1,
        "tn": 185,
        "fp": 0,
        "fn": 5,
        "accuracy": 0.9738219895287958,
        "w_accuracy": 0.5833333333333333
    },
    "evaluation.ErrorRatio": {
        "error": 0.02617801047120419,
        "missed_improvements_count": 3,
        "missed_improvements_middle": -0.02223310677743898,
        "missed_improvements_mean": -0.021284485842622287,
        "missed_degrades_count": 2,
        "missed_degrades_middle": 0.029942638635866974,
        "missed_degrades_mean": 0.021627015821755382,
        "missed_perf_count": 5,
        "missed_perf_middle": 0.02223310677743898,
        "missed_perf_mean": 0.02142149783427553
    }
}