{
    "evaluation.SavedRuns": {
        "total_runs": 9921,
        "used_runs": 3795,
        "saved_runs": 6126,
        "saved_runs_ratio": 0.6174780768067735
    },
    "evaluation.ConfusionMatrix": {
        "total_positives": 6,
        "total_negatives": 148,
        "tp": 4,
        "tn": 148,
        "fp": 0,
        "fn": 2,
        "accuracy": 0.987012987012987,
        "w_accuracy": 0.8333333333333334
    },
    "evaluation.ErrorRatio": {
        "error": 0.012987012987012988,
        "missed_improvements_count": 1,
        "missed_improvements_middle": -0.010950872170211798,
        "missed_improvements_mean": -0.010950872170211798,
        "missed_degrades_count": 1,
        "missed_degrades_middle": 0.01170384503177415,
        "missed_degrades_mean": 0.01170384503177415,
        "missed_perf_count": 2,
        "missed_perf_middle": 0.01170384503177415,
        "missed_perf_mean": 0.011327358600992973
    }
}