{
    "evaluation.SavedRuns": {
        "total_runs": 7545,
        "used_runs": 2211,
        "saved_runs": 5334,
        "saved_runs_ratio": 0.7069582504970179
    },
    "evaluation.ConfusionMatrix": {
        "total_positives": 6,
        "total_negatives": 176,
        "tp": 1,
        "tn": 176,
        "fp": 0,
        "fn": 5,
        "accuracy": 0.9725274725274725,
        "w_accuracy": 0.5833333333333334
    },
    "evaluation.ErrorRatio": {
        "error": 0.027472527472527472,
        "missed_improvements_count": 3,
        "missed_improvements_middle": -0.015391722577697385,
        "missed_improvements_mean": -0.018306826157164835,
        "missed_degrades_count": 2,
        "missed_degrades_middle": 0.01665656720184789,
        "missed_degrades_mean": 0.014625314356728977,
        "missed_perf_count": 5,
        "missed_perf_middle": 0.015391722577697385,
        "missed_perf_mean": 0.01683422143699049
    }
}