{
    "evaluation.SavedRuns": {
        "total_runs": 7861,
        "used_runs": 2522,
        "saved_runs": 5339,
        "saved_runs_ratio": 0.6791756773947335
    },
    "evaluation.ConfusionMatrix": {
        "total_positives": 5,
        "total_negatives": 182,
        "tp": 4,
        "tn": 182,
        "fp": 0,
        "fn": 1,
        "accuracy": 0.9946524064171123,
        "w_accuracy": 0.8999999999999999
    },
    "evaluation.ErrorRatio": {
        "error": 0.0053475935828877,
        "missed_improvements_count": 0,
        "missed_improvements_middle": null,
        "missed_improvements_mean": null,
        "missed_degrades_count": 1,
        "missed_degrades_middle": 0.011304643404435115,
        "missed_degrades_mean": 0.011304643404435115,
        "missed_perf_count": 1,
        "missed_perf_middle": 0.011304643404435115,
        "missed_perf_mean": 0.011304643404435115
    }
}