{
    "evaluation.SavedRuns": {
        "total_runs": 5491,
        "used_runs": 2663,
        "saved_runs": 2828,
        "saved_runs_ratio": 0.5150245856856674
    },
    "evaluation.ConfusionMatrix": {
        "total_positives": 2,
        "total_negatives": 72,
        "tp": 0,
        "tn": 72,
        "fp": 0,
        "fn": 2,
        "accuracy": 0.972972972972973,
        "w_accuracy": 0.5
    },
    "evaluation.ErrorRatio": {
        "error": 0.02702702702702703,
        "missed_improvements_count": 1,
        "missed_improvements_middle": -0.012836245634256171,
        "missed_improvements_mean": -0.012836245634256171,
        "missed_degrades_count": 1,
        "missed_degrades_middle": 0.011857115197043811,
        "missed_degrades_mean": 0.011857115197043811,
        "missed_perf_count": 2,
        "missed_perf_middle": 0.012836245634256171,
        "missed_perf_mean": 0.012346680415649992
    }
}