{
    "evaluation.SavedRuns": {
        "total_runs": 2305,
        "used_runs": 1442,
        "saved_runs": 863,
        "saved_runs_ratio": 0.37440347071583513
    },
    "evaluation.ConfusionMatrix": {
        "total_positives": 5,
        "total_negatives": 69,
        "tp": 2,
        "tn": 69,
        "fp": 0,
        "fn": 3,
        "accuracy": 0.9594594594594594,
        "w_accuracy": 0.7
    },
    "evaluation.ErrorRatio": {
        "error": 0.04054054054054054,
        "missed_improvements_count": 2,
        "missed_improvements_middle": -0.01148773680461905,
        "missed_improvements_mean": -0.01207300991014999,
        "missed_degrades_count": 1,
        "missed_degrades_middle": 0.01145916254705348,
        "missed_degrades_mean": 0.01145916254705348,
        "missed_perf_count": 3,
        "missed_perf_middle": 0.01148773680461905,
        "missed_perf_mean": 0.011868394122451153
    }
}