{
    "evaluation.SavedRuns": {
        "total_runs": 3852,
        "used_runs": 1855,
        "saved_runs": 1997,
        "saved_runs_ratio": 0.5184319833852544
    },
    "evaluation.ConfusionMatrix": {
        "total_positives": 5,
        "total_negatives": 109,
        "tp": 4,
        "tn": 109,
        "fp": 0,
        "fn": 1,
        "accuracy": 0.9912280701754386,
        "w_accuracy": 0.8999999999999999
    },
    "evaluation.ErrorRatio": {
        "error": 0.008771929824561403,
        "missed_improvements_count": 0,
        "missed_improvements_middle": null,
        "missed_improvements_mean": null,
        "missed_degrades_count": 1,
        "missed_degrades_middle": 0.016736018389768233,
        "missed_degrades_mean": 0.016736018389768233,
        "missed_perf_count": 1,
        "missed_perf_middle": 0.016736018389768233,
        "missed_perf_mean": 0.016736018389768233
    }
}