{
    "evaluation.SavedRuns": {
        "total_runs": 1391,
        "used_runs": 1155,
        "saved_runs": 236,
        "saved_runs_ratio": 0.16966211358734723
    },
    "evaluation.ConfusionMatrix": {
        "total_positives": 2,
        "total_negatives": 37,
        "tp": 1,
        "tn": 37,
        "fp": 0,
        "fn": 1,
        "accuracy": 0.9743589743589743,
        "w_accuracy": 0.7499999999999999
    },
    "evaluation.ErrorRatio": {
        "error": 0.02564102564102564,
        "missed_improvements_count": 0,
        "missed_improvements_middle": null,
        "missed_improvements_mean": null,
        "missed_degrades_count": 1,
        "missed_degrades_middle": 0.012206504154857419,
        "missed_degrades_mean": 0.012206504154857419,
        "missed_perf_count": 1,
        "missed_perf_middle": 0.012206504154857419,
        "missed_perf_mean": 0.012206504154857419
    }
}