{
    "evaluation.SavedRuns": {
        "total_runs": 2353,
        "used_runs": 1339,
        "saved_runs": 1014,
        "saved_runs_ratio": 0.430939226519337
    },
    "evaluation.ConfusionMatrix": {
        "total_positives": 3,
        "total_negatives": 67,
        "tp": 2,
        "tn": 67,
        "fp": 0,
        "fn": 1,
        "accuracy": 0.9857142857142858,
        "w_accuracy": 0.8333333333333333
    },
    "evaluation.ErrorRatio": {
        "error": 0.014285714285714285,
        "missed_improvements_count": 0,
        "missed_improvements_middle": null,
        "missed_improvements_mean": null,
        "missed_degrades_count": 1,
        "missed_degrades_middle": 0.01193284383540506,
        "missed_degrades_mean": 0.01193284383540506,
        "missed_perf_count": 1,
        "missed_perf_middle": 0.01193284383540506,
        "missed_perf_mean": 0.01193284383540506
    }
}