{
    "evaluation.SavedRuns": {
        "total_runs": 1752,
        "used_runs": 1297,
        "saved_runs": 455,
        "saved_runs_ratio": 0.259703196347032
    },
    "evaluation.ConfusionMatrix": {
        "total_positives": 6,
        "total_negatives": 47,
        "tp": 4,
        "tn": 47,
        "fp": 0,
        "fn": 2,
        "accuracy": 0.9622641509433962,
        "w_accuracy": 0.8333333333333334
    },
    "evaluation.ErrorRatio": {
        "error": 0.03773584905660377,
        "missed_improvements_count": 1,
        "missed_improvements_middle": -0.011583624038342998,
        "missed_improvements_mean": -0.011583624038342998,
        "missed_degrades_count": 1,
        "missed_degrades_middle": 0.01093564451262476,
        "missed_degrades_mean": 0.01093564451262476,
        "missed_perf_count": 2,
        "missed_perf_middle": 0.011583624038342998,
        "missed_perf_mean": 0.01125963427548388
    }
}