{
    "evaluation.SavedRuns": {
        "total_runs": 7608,
        "used_runs": 5320,
        "saved_runs": 2288,
        "saved_runs_ratio": 0.3007360672975815
    },
    "evaluation.ConfusionMatrix": {
        "total_positives": 19,
        "total_negatives": 216,
        "tp": 16,
        "tn": 216,
        "fp": 0,
        "fn": 3,
        "accuracy": 0.9872340425531915,
        "w_accuracy": 0.9210526315789473
    },
    "evaluation.ErrorRatio": {
        "error_ratio": 0.006944444444444444,
        "total_missed_improvements_count": 2,
        "missed_improvements_median_ratio": -0.0034662136708107634,
        "total_missed_degrades_count": 1,
        "missed_degrades_median_ratio": 0.004548596839891825,
        "total_missed_perf_count": 3,
        "missed_degrades_perf_ratio": 0.004184120288985815
    }
}