{
    "evaluation.SavedRuns": {
        "total_runs": 6574,
        "used_runs": 4034,
        "saved_runs": 2540,
        "saved_runs_ratio": 0.38637055065409187
    },
    "evaluation.ConfusionMatrix": {
        "total_positives": 9,
        "total_negatives": 192,
        "tp": 6,
        "tn": 192,
        "fp": 0,
        "fn": 3,
        "accuracy": 0.9850746268656716,
        "w_accuracy": 0.8333333333333334
    },
    "evaluation.ErrorRatio": {
        "error_ratio": 0.014470443349753693,
        "total_missed_improvements_count": 2,
        "missed_improvements_median_ratio": -0.009679462204635232,
        "total_missed_degrades_count": 1,
        "missed_degrades_median_ratio": 0.005751960310783417,
        "total_missed_perf_count": 3,
        "missed_degrades_perf_ratio": 0.011181786414108814
    }
}