{
    "evaluation.SavedRuns": {
        "total_runs": 5170,
        "used_runs": 3484,
        "saved_runs": 1686,
        "saved_runs_ratio": 0.3261121856866538
    },
    "evaluation.ConfusionMatrix": {
        "total_positives": 17,
        "total_negatives": 171,
        "tp": 14,
        "tn": 171,
        "fp": 0,
        "fn": 3,
        "accuracy": 0.9840425531914894,
        "w_accuracy": 0.9117647058823529
    },
    "evaluation.ErrorRatio": {
        "error_ratio": 0.015783744557329463,
        "total_missed_improvements_count": 2,
        "missed_improvements_median_ratio": -0.007645717329844454,
        "total_missed_degrades_count": 1,
        "missed_degrades_median_ratio": 0.003645214837541587,
        "total_missed_perf_count": 3,
        "missed_degrades_perf_ratio": 0.007645717329844454
    }
}