{
    "evaluation.SavedRuns": {
        "total_runs": 34241,
        "used_runs": 17475,
        "saved_runs": 16766,
        "saved_runs_ratio": 0.4896469145176835
    },
    "evaluation.ConfusionMatrix": {
        "total_positives": 12,
        "total_negatives": 651,
        "tp": 10,
        "tn": 651,
        "fp": 0,
        "fn": 2,
        "accuracy": 0.9969834087481146,
        "w_accuracy": 0.9166666666666666
    },
    "evaluation.ErrorRatio": {
        "error_ratio": 0.0022988505747126436,
        "total_missed_improvements_count": 1,
        "missed_improvements_median_ratio": -0.006104886374382738,
        "total_missed_degrades_count": 1,
        "missed_degrades_median_ratio": 0.0022129588504005656,
        "total_missed_perf_count": 2,
        "missed_degrades_perf_ratio": 0.006104886374382738
    }
}