{
    "evaluation.SavedRuns": {
        "total_runs": 33622,
        "used_runs": 15534,
        "saved_runs": 18088,
        "saved_runs_ratio": 0.5379810838141693
    },
    "evaluation.ConfusionMatrix": {
        "total_positives": 15,
        "total_negatives": 622,
        "tp": 9,
        "tn": 622,
        "fp": 0,
        "fn": 6,
        "accuracy": 0.9905808477237049,
        "w_accuracy": 0.8000000000000002
    },
    "evaluation.ErrorRatio": {
        "error_ratio": 0.007364414107599187,
        "total_missed_improvements_count": 2,
        "missed_improvements_median_ratio": -0.008976668399800795,
        "total_missed_degrades_count": 4,
        "missed_degrades_median_ratio": 0.017814902443653913,
        "total_missed_perf_count": 6,
        "missed_degrades_perf_ratio": 0.017882560206067235
    }
}