{
    "evaluation.SavedRuns": {
        "total_runs": 29359,
        "used_runs": 14893,
        "saved_runs": 14466,
        "saved_runs_ratio": 0.4927279539493852
    },
    "evaluation.ConfusionMatrix": {
        "total_positives": 18,
        "total_negatives": 572,
        "tp": 13,
        "tn": 572,
        "fp": 0,
        "fn": 5,
        "accuracy": 0.9915254237288136,
        "w_accuracy": 0.861111111111111
    },
    "evaluation.ErrorRatio": {
        "error_ratio": 0.005940245871595987,
        "total_missed_improvements_count": 3,
        "missed_improvements_median_ratio": -0.0037065791939546165,
        "total_missed_degrades_count": 2,
        "missed_degrades_median_ratio": 0.004178212784039413,
        "total_missed_perf_count": 5,
        "missed_degrades_perf_ratio": 0.006274315326619743
    }
}