{
    "evaluation.SavedRuns": {
        "total_runs": 30751,
        "used_runs": 14619,
        "saved_runs": 16132,
        "saved_runs_ratio": 0.5246008259893987
    },
    "evaluation.ConfusionMatrix": {
        "total_positives": 15,
        "total_negatives": 573,
        "tp": 10,
        "tn": 573,
        "fp": 0,
        "fn": 5,
        "accuracy": 0.9914965986394558,
        "w_accuracy": 0.8333333333333334
    },
    "evaluation.ErrorRatio": {
        "error_ratio": 0.00608272506082725,
        "total_missed_improvements_count": 2,
        "missed_improvements_median_ratio": -0.0021276403143954473,
        "total_missed_degrades_count": 3,
        "missed_degrades_median_ratio": 0.0029826999251130696,
        "total_missed_perf_count": 5,
        "missed_degrades_perf_ratio": 0.0029826999251130696
    }
}