{
    "evaluation.SavedRuns": {
        "total_runs": 30227,
        "used_runs": 15775,
        "saved_runs": 14452,
        "saved_runs_ratio": 0.4781155920203791
    },
    "evaluation.ConfusionMatrix": {
        "total_positives": 47,
        "total_negatives": 525,
        "tp": 21,
        "tn": 525,
        "fp": 0,
        "fn": 26,
        "accuracy": 0.9545454545454546,
        "w_accuracy": 0.7234042553191489
    },
    "evaluation.ErrorRatio": {
        "error_ratio": 0.030106756521592688,
        "total_missed_improvements_count": 8,
        "missed_improvements_median_ratio": -0.005799127002378825,
        "total_missed_degrades_count": 18,
        "missed_degrades_median_ratio": 0.0063946923512513375,
        "total_missed_perf_count": 26,
        "missed_degrades_perf_ratio": 0.006098093183964635
    }
}