{
    "evaluation.SavedRuns": {
        "total_runs": 25487,
        "used_runs": 14967,
        "saved_runs": 10520,
        "saved_runs_ratio": 0.41275944599207437
    },
    "evaluation.ConfusionMatrix": {
        "total_positives": 31,
        "total_negatives": 574,
        "tp": 28,
        "tn": 574,
        "fp": 0,
        "fn": 3,
        "accuracy": 0.9950413223140496,
        "w_accuracy": 0.9516129032258065
    },
    "evaluation.ErrorRatio": {
        "error_ratio": 0.003936122357174989,
        "total_missed_improvements_count": 2,
        "missed_improvements_median_ratio": -0.003922624219845839,
        "total_missed_degrades_count": 1,
        "missed_degrades_median_ratio": 0.0018694368079849027,
        "total_missed_perf_count": 3,
        "missed_degrades_perf_ratio": 0.004033892567611263
    }
}