{
    "evaluation.SavedRuns": {
        "total_runs": 25820,
        "used_runs": 12864,
        "saved_runs": 12956,
        "saved_runs_ratio": 0.5017815646785437
    },
    "evaluation.ConfusionMatrix": {
        "total_positives": 15,
        "total_negatives": 526,
        "tp": 7,
        "tn": 526,
        "fp": 0,
        "fn": 8,
        "accuracy": 0.9852125693160814,
        "w_accuracy": 0.7333333333333334
    },
    "evaluation.ErrorRatio": {
        "error_ratio": 0.0096677550653417,
        "total_missed_improvements_count": 6,
        "missed_improvements_median_ratio": -0.008759703586588898,
        "total_missed_degrades_count": 2,
        "missed_degrades_median_ratio": 0.002776094533641315,
        "total_missed_perf_count": 8,
        "missed_degrades_perf_ratio": 0.008759703586588898
    }
}