{
    "evaluation.SavedRuns": {
        "total_runs": 22531,
        "used_runs": 12826,
        "saved_runs": 9705,
        "saved_runs_ratio": 0.43073986951311527
    },
    "evaluation.ConfusionMatrix": {
        "total_positives": 22,
        "total_negatives": 511,
        "tp": 16,
        "tn": 511,
        "fp": 0,
        "fn": 6,
        "accuracy": 0.9887429643527205,
        "w_accuracy": 0.8636363636363636
    },
    "evaluation.ErrorRatio": {
        "error_ratio": 0.009534534534534534,
        "total_missed_improvements_count": 4,
        "missed_improvements_median_ratio": -0.0036532451823749978,
        "total_missed_degrades_count": 2,
        "missed_degrades_median_ratio": 0.003840609805336762,
        "total_missed_perf_count": 6,
        "missed_degrades_perf_ratio": 0.00384537218159769
    }
}