{
    "evaluation.SavedRuns": {
        "total_runs": 1550982,
        "used_runs": 1017438,
        "saved_runs": 533544,
        "saved_runs_ratio": 0.3440039923093885
    },
    "evaluation.ConfusionMatrix": {
        "total_positives": 1014,
        "total_negatives": 31019,
        "tp": 875,
        "tn": 31019,
        "fp": 0,
        "fn": 139,
        "accuracy": 0.9956607248774701,
        "w_accuracy": 0.9314595660749507
    },
    "evaluation.ErrorRatio": {
        "error_ratio": 0.0016574873564603365,
        "total_missed_improvements_count": 69,
        "missed_improvements_median_ratio": -0.0009589368364079883,
        "total_missed_degrades_count": 70,
        "missed_degrades_median_ratio": 0.001071561839576702,
        "total_missed_perf_count": 139,
        "missed_degrades_perf_ratio": 0.0015717428749612997
    }
}