{
    "evaluation.SavedRuns": {
        "total_runs": 354325,
        "used_runs": 249379,
        "saved_runs": 104946,
        "saved_runs_ratio": 0.29618570521413956
    },
    "evaluation.ConfusionMatrix": {
        "total_positives": 345,
        "total_negatives": 10069,
        "tp": 303,
        "tn": 10069,
        "fp": 0,
        "fn": 42,
        "accuracy": 0.9959669675436912,
        "w_accuracy": 0.9391304347826087
    },
    "evaluation.ErrorRatio": {
        "error_ratio": 0.0019531463400570535,
        "total_missed_improvements_count": 22,
        "missed_improvements_median_ratio": -0.001077709673006103,
        "total_missed_degrades_count": 20,
        "missed_degrades_median_ratio": 0.0011527780986588859,
        "total_missed_perf_count": 42,
        "missed_degrades_perf_ratio": 0.0019112961697873962
    }
}