{
    "evaluation.SavedRuns": {
        "total_runs": 2280999,
        "used_runs": 1570225,
        "saved_runs": 710774,
        "saved_runs_ratio": 0.31160644963018397
    },
    "evaluation.ConfusionMatrix": {
        "total_positives": 1741,
        "total_negatives": 48335,
        "tp": 1553,
        "tn": 48335,
        "fp": 0,
        "fn": 188,
        "accuracy": 0.9962457065260804,
        "w_accuracy": 0.9460080413555426
    },
    "evaluation.ErrorRatio": {
        "error_ratio": 0.0014234630439325796,
        "total_missed_improvements_count": 98,
        "missed_improvements_median_ratio": -0.0008373741971550343,
        "total_missed_degrades_count": 90,
        "missed_degrades_median_ratio": 0.0008505121795806961,
        "total_missed_perf_count": 188,
        "missed_degrades_perf_ratio": 0.0013645792692300073
    }
}