{
    "evaluation.SavedRuns": {
        "total_runs": 8957,
        "used_runs": 6129,
        "saved_runs": 2828,
        "saved_runs_ratio": 0.31573071340850734
    },
    "evaluation.ConfusionMatrix": {
        "total_positives": 3,
        "total_negatives": 110,
        "tp": 1,
        "tn": 110,
        "fp": 0,
        "fn": 2,
        "accuracy": 0.9823008849557522,
        "w_accuracy": 0.6666666666666666
    },
    "evaluation.ErrorRatio": {
        "error_ratio": 0.006756756756756757,
        "total_missed_improvements_count": 1,
        "missed_improvements_median_ratio": -0.003209061408564043,
        "total_missed_degrades_count": 1,
        "missed_degrades_median_ratio": 0.002964278799260953,
        "total_missed_perf_count": 2,
        "missed_degrades_perf_ratio": 0.003209061408564043
    }
}