{
    "evaluation.SavedRuns": {
        "total_runs": 111687,
        "used_runs": 83263,
        "saved_runs": 28424,
        "saved_runs_ratio": 0.2544969423478113
    },
    "evaluation.ConfusionMatrix": {
        "total_positives": 141,
        "total_negatives": 3091,
        "tp": 129,
        "tn": 3091,
        "fp": 0,
        "fn": 12,
        "accuracy": 0.9962871287128713,
        "w_accuracy": 0.9574468085106383
    },
    "evaluation.ErrorRatio": {
        "error_ratio": 0.002881480265704455,
        "total_missed_improvements_count": 3,
        "missed_improvements_median_ratio": -0.0009229894893730124,
        "total_missed_degrades_count": 9,
        "missed_degrades_median_ratio": 0.0018090220256923213,
        "total_missed_perf_count": 12,
        "missed_degrades_perf_ratio": 0.0027320115150653336
    }
}