{
    "evaluation.SavedRuns": {
        "total_runs": 128024,
        "used_runs": 83093,
        "saved_runs": 44931,
        "saved_runs_ratio": 0.35095763294382304
    },
    "evaluation.ConfusionMatrix": {
        "total_positives": 133,
        "total_negatives": 3832,
        "tp": 110,
        "tn": 3832,
        "fp": 0,
        "fn": 23,
        "accuracy": 0.9941992433795712,
        "w_accuracy": 0.9135338345864662
    },
    "evaluation.ErrorRatio": {
        "error_ratio": 0.004869278668839669,
        "total_missed_improvements_count": 16,
        "missed_improvements_median_ratio": -0.003261002404991825,
        "total_missed_degrades_count": 7,
        "missed_degrades_median_ratio": 0.002042541756918381,
        "total_missed_perf_count": 23,
        "missed_degrades_perf_ratio": 0.0042501721204710055
    }
}