{
    "evaluation.SavedRuns": {
        "total_runs": 6095,
        "used_runs": 1611,
        "saved_runs": 4484,
        "saved_runs_ratio": 0.7356849876948318
    },
    "evaluation.ConfusionMatrix": {
        "total_positives": 11,
        "total_negatives": 73,
        "tp": 6,
        "tn": 73,
        "fp": 0,
        "fn": 5,
        "accuracy": 0.9404761904761905,
        "w_accuracy": 0.7727272727272727
    },
    "evaluation.ErrorRatio": {
        "error": 0.05952380952380952,
        "missed_improvements_count": 3,
        "missed_improvements_middle": -0.013183828701089228,
        "missed_improvements_mean": -0.014898177092627238,
        "missed_degrades_count": 2,
        "missed_degrades_middle": 0.013709364998851382,
        "missed_degrades_mean": 0.013583028260044906,
        "missed_perf_count": 5,
        "missed_perf_middle": 0.013456691521238429,
        "missed_perf_mean": 0.014372117559594305
    }
}