{
    "evaluation.SavedRuns": {
        "total_runs": 9921,
        "used_runs": 2044,
        "saved_runs": 7877,
        "saved_runs_ratio": 0.7939723818163491
    },
    "evaluation.ConfusionMatrix": {
        "total_positives": 6,
        "total_negatives": 148,
        "tp": 3,
        "tn": 148,
        "fp": 0,
        "fn": 3,
        "accuracy": 0.9805194805194806,
        "w_accuracy": 0.75
    },
    "evaluation.ErrorRatio": {
        "error": 0.01948051948051948,
        "missed_improvements_count": 2,
        "missed_improvements_middle": -0.010950872170211798,
        "missed_improvements_mean": -0.011293965076338666,
        "missed_degrades_count": 1,
        "missed_degrades_middle": 0.01170384503177415,
        "missed_degrades_mean": 0.01170384503177415,
        "missed_perf_count": 3,
        "missed_perf_middle": 0.011637057982465534,
        "missed_perf_mean": 0.011430591728150493
    }
}