{
    "evaluation.SavedRuns": {
        "total_runs": 8851,
        "used_runs": 2975,
        "saved_runs": 5876,
        "saved_runs_ratio": 0.6638797875946221
    },
    "evaluation.ConfusionMatrix": {
        "total_positives": 16,
        "total_negatives": 110,
        "tp": 10,
        "tn": 110,
        "fp": 0,
        "fn": 6,
        "accuracy": 0.9523809523809523,
        "w_accuracy": 0.8125
    },
    "evaluation.ErrorRatio": {
        "error": 0.047619047619047616,
        "missed_improvements_count": 5,
        "missed_improvements_middle": -0.025308107671472183,
        "missed_improvements_mean": -0.026421763435756335,
        "missed_degrades_count": 1,
        "missed_degrades_middle": 0.01017360588855997,
        "missed_degrades_mean": 0.01017360588855997,
        "missed_perf_count": 6,
        "missed_perf_middle": 0.025308107671472183,
        "missed_perf_mean": 0.023713737177890274
    }
}