{
    "evaluation.SavedRuns": {
        "total_runs": 5123,
        "used_runs": 2983,
        "saved_runs": 2140,
        "saved_runs_ratio": 0.41772398984969744
    },
    "evaluation.ConfusionMatrix": {
        "total_positives": 9,
        "total_negatives": 95,
        "tp": 2,
        "tn": 95,
        "fp": 0,
        "fn": 7,
        "accuracy": 0.9326923076923077,
        "w_accuracy": 0.6111111111111112
    },
    "evaluation.ErrorRatio": {
        "error": 0.0673076923076923,
        "missed_improvements_count": 1,
        "missed_improvements_middle": -0.012049832086662661,
        "missed_improvements_mean": -0.012049832086662661,
        "missed_degrades_count": 6,
        "missed_degrades_middle": 0.013282987255433672,
        "missed_degrades_mean": 0.013520612166699336,
        "missed_perf_count": 7,
        "missed_perf_middle": 0.012049832086662661,
        "missed_perf_mean": 0.013310500726694097
    }
}