{
    "evaluation.SavedRuns": {
        "total_runs": 5443,
        "used_runs": 1941,
        "saved_runs": 3502,
        "saved_runs_ratio": 0.6433951864780452
    },
    "evaluation.ConfusionMatrix": {
        "total_positives": 7,
        "total_negatives": 76,
        "tp": 5,
        "tn": 76,
        "fp": 0,
        "fn": 2,
        "accuracy": 0.9759036144578314,
        "w_accuracy": 0.8571428571428571
    },
    "evaluation.ErrorRatio": {
        "error": 0.024096385542168676,
        "missed_improvements_count": 1,
        "missed_improvements_middle": -0.01019407243957767,
        "missed_improvements_mean": -0.01019407243957767,
        "missed_degrades_count": 1,
        "missed_degrades_middle": 0.01099182382215517,
        "missed_degrades_mean": 0.01099182382215517,
        "missed_perf_count": 2,
        "missed_perf_middle": 0.01099182382215517,
        "missed_perf_mean": 0.01059294813086642
    }
}