{
    "evaluation.SavedRuns": {
        "total_runs": 8142,
        "used_runs": 1699,
        "saved_runs": 6443,
        "saved_runs_ratio": 0.7913289118152788
    },
    "evaluation.ConfusionMatrix": {
        "total_positives": 3,
        "total_negatives": 125,
        "tp": 0,
        "tn": 125,
        "fp": 0,
        "fn": 3,
        "accuracy": 0.9765625,
        "w_accuracy": 0.5
    },
    "evaluation.ErrorRatio": {
        "error": 0.0234375,
        "missed_improvements_count": 2,
        "missed_improvements_middle": -0.011432553538598685,
        "missed_improvements_mean": -0.013211996994217486,
        "missed_degrades_count": 1,
        "missed_degrades_middle": 0.022157530470163236,
        "missed_degrades_mean": 0.022157530470163236,
        "missed_perf_count": 3,
        "missed_perf_middle": 0.014991440449836286,
        "missed_perf_mean": 0.016193841486199404
    }
}