{
    "evaluation.SavedRuns": {
        "total_runs": 5183,
        "used_runs": 1825,
        "saved_runs": 3358,
        "saved_runs_ratio": 0.647887323943662
    },
    "evaluation.ConfusionMatrix": {
        "total_positives": 7,
        "total_negatives": 77,
        "tp": 6,
        "tn": 77,
        "fp": 0,
        "fn": 1,
        "accuracy": 0.9880952380952381,
        "w_accuracy": 0.9285714285714286
    },
    "evaluation.ErrorRatio": {
        "error": 0.011904761904761904,
        "missed_improvements_count": 0,
        "missed_improvements_middle": null,
        "missed_improvements_mean": null,
        "missed_degrades_count": 1,
        "missed_degrades_middle": 0.01178526616563714,
        "missed_degrades_mean": 0.01178526616563714,
        "missed_perf_count": 1,
        "missed_perf_middle": 0.01178526616563714,
        "missed_perf_mean": 0.01178526616563714
    }
}