{
    "evaluation.SavedRuns": {
        "total_runs": 11569,
        "used_runs": 1792,
        "saved_runs": 9777,
        "saved_runs_ratio": 0.8451032932837756
    },
    "evaluation.ConfusionMatrix": {
        "total_positives": 7,
        "total_negatives": 130,
        "tp": 1,
        "tn": 130,
        "fp": 0,
        "fn": 6,
        "accuracy": 0.9562043795620438,
        "w_accuracy": 0.5714285714285715
    },
    "evaluation.ErrorRatio": {
        "error": 0.043795620437956206,
        "missed_improvements_count": 3,
        "missed_improvements_middle": -0.029049710701431763,
        "missed_improvements_mean": -0.02571855833634966,
        "missed_degrades_count": 3,
        "missed_degrades_middle": 0.017896199550678418,
        "missed_degrades_mean": 0.021841236974769373,
        "missed_perf_count": 6,
        "missed_perf_middle": 0.029049710701431763,
        "missed_perf_mean": 0.023779897655559514
    }
}