{
    "evaluation.SavedRuns": {
        "total_runs": 2129,
        "used_runs": 1462,
        "saved_runs": 667,
        "saved_runs_ratio": 0.3132926256458431
    },
    "evaluation.ConfusionMatrix": {
        "total_positives": 7,
        "total_negatives": 49,
        "tp": 4,
        "tn": 49,
        "fp": 0,
        "fn": 3,
        "accuracy": 0.9464285714285714,
        "w_accuracy": 0.7857142857142857
    },
    "evaluation.ErrorRatio": {
        "error": 0.05357142857142857,
        "missed_improvements_count": 2,
        "missed_improvements_middle": -0.011947640850320696,
        "missed_improvements_mean": -0.017808020023353778,
        "missed_degrades_count": 1,
        "missed_degrades_middle": 0.015587634987708576,
        "missed_degrades_mean": 0.015587634987708576,
        "missed_perf_count": 3,
        "missed_perf_middle": 0.015587634987708576,
        "missed_perf_mean": 0.01706789167813871
    }
}