{
    "evaluation.SavedRuns": {
        "total_runs": 9554,
        "used_runs": 5826,
        "saved_runs": 3728,
        "saved_runs_ratio": 0.39020305631149255
    },
    "evaluation.ConfusionMatrix": {
        "total_positives": 9,
        "total_negatives": 147,
        "tp": 7,
        "tn": 147,
        "fp": 0,
        "fn": 2,
        "accuracy": 0.9871794871794872,
        "w_accuracy": 0.8888888888888888
    },
    "evaluation.ErrorRatio": {
        "error": 0.01282051282051282,
        "missed_improvements_count": 1,
        "missed_improvements_middle": -0.011031830111268084,
        "missed_improvements_mean": -0.011031830111268084,
        "missed_degrades_count": 1,
        "missed_degrades_middle": 0.01017945357088606,
        "missed_degrades_mean": 0.01017945357088606,
        "missed_perf_count": 2,
        "missed_perf_middle": 0.011031830111268084,
        "missed_perf_mean": 0.010605641841077072
    }
}