{
    "evaluation.SavedRuns": {
        "total_runs": 10123,
        "used_runs": 7128,
        "saved_runs": 2995,
        "saved_runs_ratio": 0.2958609107971945
    },
    "evaluation.ConfusionMatrix": {
        "total_positives": 14,
        "total_negatives": 122,
        "tp": 9,
        "tn": 122,
        "fp": 0,
        "fn": 5,
        "accuracy": 0.9632352941176471,
        "w_accuracy": 0.8214285714285714
    },
    "evaluation.ErrorRatio": {
        "error_ratio": 0.01488095238095238,
        "total_missed_improvements_count": 3,
        "missed_improvements_median_ratio": -0.003295957175272307,
        "total_missed_degrades_count": 2,
        "missed_degrades_median_ratio": 0.0034273412497128454,
        "total_missed_perf_count": 5,
        "missed_degrades_perf_ratio": 0.0033641728803096072
    }
}