{
    "evaluation.SavedRuns": {
        "total_runs": 13622,
        "used_runs": 9132,
        "saved_runs": 4490,
        "saved_runs_ratio": 0.32961385993246217
    },
    "evaluation.ConfusionMatrix": {
        "total_positives": 15,
        "total_negatives": 271,
        "tp": 13,
        "tn": 271,
        "fp": 0,
        "fn": 2,
        "accuracy": 0.993006993006993,
        "w_accuracy": 0.9333333333333333
    },
    "evaluation.ErrorRatio": {
        "error_ratio": 0.0026455026455026454,
        "total_missed_improvements_count": 1,
        "missed_improvements_median_ratio": -0.0029482034791124905,
        "total_missed_degrades_count": 1,
        "missed_degrades_median_ratio": 0.0038365202436544473,
        "total_missed_perf_count": 2,
        "missed_degrades_perf_ratio": 0.0038365202436544473
    }
}