{
    "evaluation.SavedRuns": {
        "total_runs": 16232,
        "used_runs": 10494,
        "saved_runs": 5738,
        "saved_runs_ratio": 0.3534992607195663
    },
    "evaluation.ConfusionMatrix": {
        "total_positives": 18,
        "total_negatives": 319,
        "tp": 14,
        "tn": 319,
        "fp": 0,
        "fn": 4,
        "accuracy": 0.9881305637982196,
        "w_accuracy": 0.8888888888888888
    },
    "evaluation.ErrorRatio": {
        "error_ratio": 0.004796163069544365,
        "total_missed_improvements_count": 2,
        "missed_improvements_median_ratio": -0.004075613801161017,
        "total_missed_degrades_count": 2,
        "missed_degrades_median_ratio": 0.004779135913555766,
        "total_missed_perf_count": 4,
        "missed_degrades_perf_ratio": 0.004779135913555766
    }
}